MovieName,Genre,Rating,Director,Actor,PeopleVote,Year,Hero_Rating,movie_rating,content_rating
Mouna Guru,Action,7.7,Santha Kumar,Arulnithi,746.00,2011,8.00,8.00,7.90
7 Aum Arivu,Action,6.2,A.R. Murugadoss,Suriya,9479.00,2011,9.00,9.00,8.07
Vaagai Sooda Vaa,Comedy,8,A. Sarkunam,Vimal,14522.00,2011,8.00,7.00,7.67
Mankatha,Action,7.6,Venkat Prabhu,Ajith Kumar,12276.00,2011,6.00,8.00,7.20
Kanchana: Muni 2,Comedy,6.5,Lawrence Raghavendra,Lawrence Raghavendra,1044.00,2011,8.00,9.00,7.83
Deiva Thirumagal,Drama,8.1,A.L. Vijay,Vikram,44517.00,2011,9.00,9.00,8.70
Vaanam,Action,7.2,Radha Krishna Jagarlamudi,T.R. Silambarasan,1307.00,2011,7.00,8.00,7.40
Ko,Action,7.8,K.V. Anand,Jiiva,4759.00,2011,9.00,7.00,7.93
Payanam,Action,7.3,Radha Mohan,Nagarjuna Akkineni,677.00,2011,6.00,8.00,7.10
Yutham Sei,Crime,8,Myshkin,Cheran,1678.00,2011,4.00,9.00,7.00
Aadukalam,Action,8.1,Vetrimaaran,Dhanush,4456.00,2011,8.00,9.00,8.37
Naduvula Konjam Pakkatha Kaanom,Comedy,8.2,Balaji Tharaneetharan,Vijay Sethupathi,4530.00,2012,7.00,8.00,7.73
Thuppakki,Action,7.9,A.R. Murugadoss,Joseph Vijay,22577.00,2012,9.00,9.00,8.63
Pizza,Horror,8,Karthik Subbaraj,Vijay Sethupathi,6528.00,2012,2.00,8.00,6.00
Naan,Crime,7.5,Jeeva Shankar,Vijay Antony,1365.00,2012,3.00,7.00,5.83
The Fly,Action,7.7,S.S. Rajamouli,J.V.V. Sathyanarayana,20590.00,2012,5.00,7.00,6.57
Kalakalappu,Comedy,6.9,Sundar C.,Vimal,1019.00,2012,7.00,8.00,7.30
Vazhakku Enn 18/9,Crime,8.3,Balaji Sakthivel,Sri,1915.00,2012,5.00,9.00,7.43
Kumki,Drama,7,Prabu Solomon,Vikram Prabhu,1231.00,2012,8.00,9.00,8.00
Neethaane En Ponvasantham,Romance,6.5,Gautham Vasudev Menon,Jiiva,1500.00,2012,9.00,8.00,7.83
Thalaimuraigal,Drama,7.6,Balu Mahendra,Karthick,40034.00,2013,8.00,7.00,7.53
Biriyani,Action,5.7,Venkat Prabhu,Karthi,1272.00,2013,7.00,8.00,6.90
Ivan Veramaathiri,Action,6,M. Saravanan,Vikram Prabhu,290.00,2013,4.00,9.00,6.33
Kalyana Samayal Saadham,Comedy,7.1,R.S. Prasanna,Prasanna,117.00,2013,5.00,8.00,6.70
Irandam Ulagam,Action,5.7,K. Selvaraghavan,Arya,1101.00,2013,8.00,8.00,7.23
Pandiya Naadu,Action,7.2,Suseenthiran,Vishal,1168.00,2013,9.00,8.00,8.07
Arrambam,Action,7,Vishnuvardhan,Ajith Kumar,8415.00,2013,6.00,9.00,7.33
Onaayum Aattukkuttiyum,Action,8.2,Myshkin,Myshkin,2181.00,2013,8.00,8.00,8.07
Raja Rani,Comedy,7.6,Atlee Kumar,Arya,4088.00,2013,9.00,9.00,8.53
6 Candles,Thriller,7,V.Z. Dhorai,Sandra Amy,16247.00,2013,4.00,9.00,6.67
Moodar Koodam,Comedy,7.7,Naveen,Naveen,1081.00,2013,5.00,8.00,6.90
Varuthapadatha Valibar Sangam,Comedy,6.7,Ponram,Sivakarthikeyan,1352.00,2013,6.00,8.00,6.90
Thanga Meengal,Drama,7.9,Ram,Ram,791.00,2013,4.00,9.00,6.97
Aadhalal Kadhal Seiveer,Romance,7.2,Suseenthiran,Santhosh Ramesh,62323.00,2013,5.00,8.00,6.73
Maryan,Adventure,7.1,Ganapathy Bharat,Dhanush,2761.00,2013,6.00,9.00,7.37
Singam 2,Action,6.3,Hari,Suriya,5369.00,2013,8.00,9.00,7.77
Theeya Velai Seiyyanum Kumaru,Comedy,6.1,Sundar C.,Siddharth,1320.00,2013,7.00,8.00,7.03
Neram,Action,7.5,Alphonse Puthren,Nivin Pauly,4292.00,2013,5.00,8.00,6.83
Soodhu Kavvum,Comedy,8.3,Nalan Kumarasamy,Vijay Sethupathi,8307.00,2013,6.00,9.00,7.77
Ethir Neechal,Comedy,6.8,R.S. Durai Senthilkumar,Sivakarthikeyan,1747.00,2013,8.00,9.00,7.93
Kedi Billa Killadi Ranga,Comedy,5.5,Pandiraj,Vimal,578.00,2013,7.00,7.00,6.50
Paradesi,Drama,8,Bala,Atharvaa Murali,1644.00,2013,8.00,8.00,8.00
Kaakkaa Muttai,Comedy,8.4,M. Manikandan,Ramesh,5011.00,2014,9.00,7.00,8.13
Kayal,Romance,6.4,Prabu Solomon,Chandran,320.00,2014,8.00,8.00,7.47
Pisasu,Horror,7.6,Myshkin,Naga,1658.00,2014,7.00,9.00,7.87
Lingaa,Action,5.6,K.S. Ravikumar,Rajinikanth,4807.00,2014,4.00,8.00,5.87
Kaaviya Thalaivan,Drama,7.6,Vasanthabalan,Siddharth,1133.00,2014,5.00,7.00,6.53
Kaththi,Action,7.9,A.R. Murugadoss,Joseph Vijay,16760.00,2014,8.00,7.00,7.63
Jeeva,Drama,7.5,Suseenthiran,Vishnu Vishal,944.00,2014,9.00,9.00,8.50
Madras,Action,8,Pa. Ranjith,Karthi,3102.00,2014,8.00,8.00,8.00
Kathai Thiraikathai Vasanam Iyakkam,Drama,6.8,Parthiban,Thambi Ramaiah,586.00,2014,7.00,7.00,6.93
Jigarthanda,Action,8.3,Karthik Subbaraj,Siddharth,9578.00,2014,8.00,7.00,7.77
Velaiilla Pattadhari,Action,7.8,Velraj,Dhanush,5039.00,2014,9.00,8.00,8.27
Sathuranga Vettai,Crime,8.1,H. Vinoth,Nataraja Subramanian,2409.00,2014,8.00,9.00,8.37
Saivam,Drama,6.8,A.L. Vijay,Nassar,59767.00,2014,7.00,9.00,7.60
Mundaasupatti,Comedy,7.6,Ram Kumar,Vishnu Vishal,1118.00,2014,4.00,8.00,6.53
Kochadaiiyaan,Animation,6.3,Soundarya R. Ashwin,Rajinikanth,4692.00,2014,5.00,8.00,6.43
Vaayai Moodi Pesavum,Comedy,6.7,Balaji Mohan,Dulquer Salmaan,1448.00,2014,9.00,9.00,8.23
Cuckoo,Drama,7.8,Raju Murugan,Dinesh,617.00,2014,8.00,7.00,7.60
Thegidi,Crime,7.8,P. Ramesh,Ashok Selvan,27868.00,2014,7.00,8.00,7.60
Pannaiyarum Padminiyum,Comedy,7.8,S.U. Arun Kumar,Vijay Sethupathi,1375.00,2014,5.00,9.00,7.27
Goli Soda,Action,7.7,Vijay Milton,Kishore Kumar G.,905.00,2014,8.00,7.00,7.57
Veeram,Action,6.5,Siva,Ajith Kumar,6655.00,2014,9.00,7.00,7.50
Rajini Murugan,Action,5.7,Ponram,Sivakarthikeyan,1322.00,2015,6.00,8.00,6.57
Visaaranai,Crime,8.5,Vetrimaaran,Dinesh,6219.00,2015,8.00,9.00,8.50
Pasanga 2,Drama,7.5,Pandiraj,Suriya,1031.00,2015,7.00,7.00,7.17
Thoongaavanam,Action,7,Rajesh M. Selva,Kamal Haasan,1819.00,2015,5.00,8.00,6.67
Naanum Rowdy Thaan,Action,7.3,Vignesh Shivan,Vijay Sethupathi,3354.00,2015,8.00,9.00,8.10
Kuttram Kadithal,Drama,8,Bramma G.,Master Ajay,665.00,2015,4.00,8.00,6.67
Kirumi,Crime,7,Anu Charan,Anucharan,45686.00,2015,7.00,7.00,7.00
Maya,Horror,7.6,Ashwin Saravanan,Nayanthara,1302.00,2015,9.00,8.00,8.20
Thani Oruvan,Action,8.4,Mohan Raja,Jayam Ravi,15421.00,2015,6.00,8.00,7.47
Papanasam,Drama,8.4,Jeethu Joseph,Kamal Haasan,5295.00,2015,8.00,7.00,7.80
Indru Netru Naalai,Comedy,8,R. Ravikumar,Vishnu Vishal,3339.00,2015,5.00,9.00,7.33
Demonte Colony,Horror,6.9,R. Ajay Gnanamuthu,Arulnithi,1725.00,2015,8.00,9.00,7.97
36 Vayadhinile,Drama,7.1,Roshan Andrews,Jyotika,647.00,2015,5.00,8.00,6.70
Uttama Villain,Comedy,7.2,Ramesh Aravind,Kamal Haasan,2561.00,2015,7.00,7.00,7.07
Kanchana 2,Comedy,5.5,Lawrence Raghavendra,Lawrence Raghavendra,1261.00,2015,8.00,8.00,7.17
OK Kanmani,Romance,7.4,Mani Ratnam,Dulquer Salmaan,4611.00,2015,6.00,9.00,7.47
Rajathandhiram,Action,7.7,A.G. Amid,Veera Bahu,1154.00,2015,3.00,8.00,6.23
Enakkul Oruvan,Thriller,7.7,Prasad Ramar,Siddharth,1456.00,2015,2.00,7.00,5.57
Press 1 for Tamil,Comedy,7,Ramprakash Rayappa,Nakhul,850.00,2015,4.00,8.00,6.33
Yennai Arindhaal,Action,7.3,Gautham Vasudev Menon,Ajith Kumar,7740.00,2015,7.00,9.00,7.77
I,Action,7.3,S. Shankar,Vikram,18345.00,2015,8.00,9.00,8.10
Dhuruvangal Pathinaaru,Action,8.4,Karthick Naren,Rahman,10895.00,2016,5.00,8.00,7.13
Chennai 600028 Second Innings,Comedy,7,Venkat Prabhu,Jai,937.00,2016,1.00,7.00,5.00
Achcham Yenbadhu Madamaiyada,Action,6.4,Gautham Vasudev Menon,T.R. Silambarasan,1896.00,2016,6.00,7.00,6.47
Ammani,Drama,7.9,Lakshmi Ramakrishnan,Semmalar Annam,52730.00,2016,9.00,7.00,7.97
Aandavan Kattalai,Drama,8.1,M. Manikandan,Vijay Sethupathi,2060.00,2016,8.00,8.00,8.03
Kuttrame Thandanai,Crime,7.8,M. Manikandan,Vidharth,60939.00,2016,7.00,7.00,7.27
Dharmadurai,Drama,7.5,Seenu Ramasamy,Vijay Sethupathi,1568.00,2016,8.00,9.00,8.17
Joker,Comedy,8.4,Raju Murugan,Raju Saravanan,2830.00,2016,5.00,9.00,7.47
Kabali,Action,6.2,Pa. Ranjith,Rajinikanth,11149.00,2016,8.00,8.00,7.40
Metro,Action,7.3,Ananda Krishnan,Shirish,697.00,2016,5.00,9.00,7.10
Iraivi,Crime,8,Karthik Subbaraj,S.J. Suryah,2736.00,2016,9.00,8.00,8.33
Uriyadi,Action,8.1,Vijay Kumar,Vijay Kumar,1878.00,2016,8.00,7.00,7.70
24,Action,7.8,Vikram K. Kumar,Suriya,15774.00,2016,7.00,8.00,7.60
Theri,Action,7.1,Atlee Kumar,Joseph Vijay,12365.00,2016,8.00,9.00,8.03
Oopiri,Comedy,8,Vamshi Paidipally,Nagarjuna Akkineni,3915.00,2016,9.00,9.00,8.67
Kadhalum Kadanthu Pogum,Comedy,7.3,Nalan Kumarasamy,Vijay Sethupathi,2407.00,2016,8.00,8.00,7.77
Pichaikkaran,Action,7.6,Sasi,Vijay Antony,1437.00,2016,7.00,9.00,7.87
Saala Khadoos,Action,7.6,Sudha Kongara,Madhavan,10941.00,2016,8.00,8.00,7.87
Crime 23,Action,7.4,Arivazhagan Venkatachalam,Arun Vijay,1915.00,2017,4.00,9.00,6.80
Muthuramalingam,Action,1.6,Rajadurai,Priya Anand,14063.00,2017,5.00,9.00,5.20
Dream Factory,Drama,6.7,Arun Chidambaram,Jiya Anil Manne,124.00,2017,6.00,8.00,6.90
Yaman,Action,6.2,Jeeva Shankar,Vijay Antony,454.00,2017,9.00,8.00,7.73
Ennodu Vilayadu,Thriller,5.6,Arun Krishnaswami,Bharath Srinivasan,77.00,2017,8.00,7.00,6.87
Kadhal Kan Kattudhe,Drama,6.5,Shivaraj,Aneeruth,30623.00,2017,7.00,8.00,7.17
Pagadi Aattam,Crime,5.8,Ram K. Chandran,Rahman,79.00,2017,4.00,9.00,6.27
Rum,Horror,4.2,Sai Bharath,Arjun Chidambaram,118.00,2017,5.00,9.00,6.07
Singam 3,Action,6.3,Hari,Suriya,5063.00,2017,8.00,8.00,7.43
Bogan,Action,6.4,Lakshman,Jayam Ravi,1358.00,2017,9.00,8.00,7.80
Enakku Vaaitha Adimaigal,Comedy,5.8,Mahendran Rajamani,Jai,399.00,2017,8.00,7.00,6.93
Koditta Idangalai Nirappuga,Comedy,6.4,Parthiban,Shanthnu Bhagyaraj,65921.00,2017,7.00,8.00,7.13
Adhe Kangal,Action,7.3,Rohin Venkatesan,R. Aravindraj,961.00,2017,4.00,9.00,6.77
Bairavaa,Action,5.9,Bharathan,Joseph Vijay,7376.00,2017,5.00,9.00,6.63
Lens,Drama,6.9,Jayaprakash Radhakrishnan,Anand Sami,942.00,2017,8.00,8.00,7.63
Aruvi,Drama,8.6,Arun Prabhu Purushothaman,Aditi Balan,9890.00,2017,7.00,7.00,7.53
Ulkuththu,Thriller,6.7,Caarthick Raju,Dr. Chef Damodaran,17655.00,2017,9.00,8.00,7.90
Balloon,Horror,4.6,Sinish,Anjali,274.00,2017,5.00,9.00,6.20
Kalavaadiya Pozhuthugal,Romance,6.1,Thangar Bachan,Bhoomika Chawla,48.00,2017,8.00,8.00,7.37
Velaikkaran,Action,7.3,Mohan Raja,Sivakarthikeyan,2984.00,2017,6.00,7.00,6.77
Sakka Podu Podu Raja,Action,4.2,G.L. Sethuraman,Aryan,357.00,2017,9.00,8.00,7.07
Bhrama.com,Action,5.1,P.S. Vijayakumar,Bhagyaraj,64.00,2017,7.00,9.00,7.03
Chennai 2 Singapore,Comedy,6.1,Abbas Akbaar,Abbas Akbar,137.00,2017,8.00,8.00,7.37
12-12-1950,Comedy,5.4,Selvaah,Yogi Babu,69977.00,2017,8.00,7.00,6.80
Kodiveeran,Action,4.8,M. Muthaiya,Gnanasambandam,117.00,2017,9.00,8.00,7.27
Richie,Action,5.3,Gautham Ramachandran,Nivin Pauly,706.00,2017,9.00,9.00,7.77
Annadurai,Action,5.3,G. Srinivasan,Vijay Antony,213.00,2017,7.00,8.00,6.77
Thiruttu Payale 2,Thriller,6.7,Susi Ganesan,Bobby Simha,658.00,2017,8.00,9.00,7.90
English Padam,Comedy,1.2,Kumaresh Kumar,Sreeja Das,24.00,2017,4.00,8.00,4.40
Indrajith,Action,3.3,Kalaprabhu Thanu,Gautham Karthik,150.00,2017,5.00,8.00,5.43
En Aaloda Seruppa Kaanom,Comedy,5,Jagan,K.P. Jagan,61.00,2017,8.00,9.00,7.33
Theeran Adhigaram Ondru,Action,8.2,H. Vinoth,Karthi,8685.00,2017,4.00,8.00,6.73
C/o Surya,Action,5.6,Suseenthiran,Sundeep Kishan,175.00,2017,7.00,9.00,7.20
Ippadai Vellum,Action,5.7,Gaurav Narayanan,Udhayanidhi Stalin,272.00,2017,8.00,8.00,7.23
Aramm,Drama,7.8,Gopi Nainar,Nayanthara,1411.00,2017,5.00,7.00,6.60
The House Next Door,Horror,6.8,Milind Rau,Prakash Belawadi,1854.00,2017,8.00,7.00,7.27
Vizhithiru,Drama,5.9,Meera Kathiravan,Abhinaya,103.00,2017,9.00,8.00,7.63
Kadaisi Bench Karthi,Comedy,4.1,Ravee Paargavan,Gnanasambandam,36.00,2017,8.00,9.00,7.03
Mersal,Action,7.7,Atlee Kumar,Joseph Vijay,23383.00,2017,8.00,8.00,7.90
Meyaadha Maan,Romance,7.2,Rathna Kumar,Vaibhav Reddy,870.00,2017,8.00,7.00,7.40
Solo,Action,7.1,Bejoy Nambiar,Dulquer Salmaan,2772.00,2017,4.00,8.00,6.37
Hara Hara Mahadevaki,Comedy,5.3,Santhosh P. Jayakumar,Kovai Babu,450.00,2017,7.00,9.00,7.10
Karuppan,Action,5.6,R. Panneerselvam,Sami Rajalingam,520.00,2017,5.00,8.00,6.20
Spyder,Action,6.6,A.R. Murugadoss,Mahesh Babu,8652.00,2017,7.00,7.00,6.87
Bayama Irukku,Comedy,5.3,Jawahar,Santhosh Prathap,70.00,2017,3.00,8.00,5.43
Aayirathil Iruvar,Action,4.6,Saran,Vinay Rai,57587.00,2017,5.00,9.00,6.20
Kalavu Thozhirchalai,Thriller,5.9,T Krishna Samy,T. Krishnasamy,25.00,2017,6.00,8.00,6.63
Veedevadu,Thriller,5.5,Tatineni Satya,Esha Gupta,44.00,2017,2.00,7.00,4.83
Thupparivaalan,Action,7.5,Myshkin,Vishal,3405.00,2017,8.00,8.00,7.83
Kathanayagan,Comedy,4.2,Tha. Muruganatham,Meera Krishna,30228.00,2017,7.00,9.00,6.73
Neruppu Da,Action,4.3,Nikki Galrani,Nagineedu,10330.00,2017,8.00,9.00,7.10
Kurangu Bommai,Drama,8.1,Nithilan,Vidharth,1093.00,2017,7.00,8.00,7.70
Maayavan,Action,7.3,C.V. Kumar,Sundeep Kishan,1468.00,2017,2.00,9.00,6.10
Puriyaatha Puthir,Thriller,6.6,Ranjit Jeyakodi,Vijay Sethupathi,771.00,2017,8.00,9.00,7.87
Vivegam,Action,5.6,Siva,Ajith Kumar,10389.00,2017,9.00,8.00,7.53
Thappu Thanda,Crime,6,Srikantan,Ajay Ghosh,42.00,2017,7.00,8.00,7.00
Taramani,Drama,7.5,Ram,Anjali,1252.00,2017,4.00,7.00,6.17
Velaiyilla Pattathari 2,Action,5.4,Soundarya R. Ashwin,Riaz Ahmed,1783.00,2017,8.00,8.00,7.13
Podhuvaga En Manasu Thangam,Comedy,3.8,Thalapathy Prabhu,Parthiban,115.00,2017,5.00,9.00,5.93
Kootathil Oruthan,Comedy,6.7,T.J. Gnanavel,Ashok Selvan,363.00,2017,7.00,8.00,7.23
Nibunan,Action,6.6,Arun Vaidyanathan,Varalaxmi Sarathkumar,782.00,2017,4.00,9.00,6.53
Meesaya murukku,Biography,7.6,Hiphop Tamizha Adhi,Hiphop Tamizha Adhi,1869.00,2017,8.00,9.00,8.20
Vikram Vedha,Action,8.7,Gayatri,Pushkar,23249.00,2017,9.00,8.00,8.57
Rubaai,Action,6.1,M. Anbazhagan,Anandhi,41952.00,2017,8.00,7.00,7.03
Magalir Mattum,Drama,6.3,Bramma G.,Jyotika,455.00,2017,9.00,7.00,7.43
Pandigai,Action,6.5,Feroz,Kreshna,245.00,2017,7.00,8.00,7.17
Thiri,Drama,5.2,Ashok Amritharaj S.,A.L. Azhagappan,33926.00,2017,8.00,9.00,7.40
Gemini Ganesanum Suruli Rajanum,Comedy,5.8,Ilavarasu Odam,Regina Cassandra,387.00,2017,9.00,9.00,7.93
Chennaiyil Oru Naal 2,Thriller,4.6,Jpr,Sarath Kumar,84.00,2017,7.00,8.00,6.53
Ivan Thanthiran,Action,6.3,R. Kannan,RJ Balaji,28334.00,2017,8.00,7.00,7.10
Adhagappattathu Magajanangalay,Comedy,5,Inba Sekhar,Inbasekhar,19592.00,2017,9.00,7.00,7.00
Yaanum Theeyavan,Action,6.1,Prashanth G Sekr,Prashanth G Sekar,26862.00,2017,8.00,8.00,7.37
Vanamagan,Action,5.5,A.L. Vijay,Arjun,599.00,2017,7.00,9.00,7.17
Anbanavan Asaradhavan Adangadhavan,Action,2.3,Adhik Ravichandran,Tamannaah Bhatia,510.00,2017,5.00,9.00,5.43
Maragatha Nananya,Adventure,7,Ark Saravan,Aadhi,1144.00,2017,8.00,7.00,7.33
Uru,Thriller,5.9,Vicky Anand,Vicky Anand,275.00,2017,8.00,8.00,7.30
Peechaankai,Comedy,6.5,Ashok,Rskarthiik,53.00,2017,3.00,8.00,5.83
Rangoon,Action,7.1,Rajkumar Periasamy,Gautham Karthik,560.00,2017,8.00,7.00,7.37
Sathriyan,Action,4.8,Vikram Prabhu,Manjima Mohan,51758.00,2017,7.00,8.00,6.60
Bongu,Crime,5.3,Taj,Pooja Bisht,93.00,2017,8.00,7.00,6.77
Oru Kidayin Karunai Manu,Drama,7.7,Suresh Sangaiah,Suresh Sangaiah,276.00,2017,9.00,8.00,8.23
Oru Iyakkunarin Kadhal Diary,Drama,6.4,V Brabhakar,Velu Prabhakaran,15560.00,2017,8.00,9.00,7.80
7 Naatkal,Thriller,4.4,Gautham V.R.,M.S. Bhaskar,14763.00,2017,7.00,9.00,6.80
Thondan,Crime,6,Samuthirakani,Arthana Binu,242.00,2017,4.00,8.00,6.00
Brindavanam,Drama,6.8,Radha Mohan,Arulnithi,1061.00,2017,8.00,8.00,7.60
Inayathalam,Drama,2.9,Sankar Suresh,Shankar-Suresh,59340.00,2017,5.00,9.00,5.63
Sangili Bungili Kadhava Thorae,Comedy,5.3,Ike Radha,Nivas Adithan,3026.00,2017,6.00,8.00,6.43
Yeidhavan,Action,6,Sakthi Rajasekaran,Sandra Amy,71417.00,2017,3.00,9.00,6.00
Saravanan Irukka Bayamaen,Action,2.9,Ezhil,Karai Natrajan,159.00,2017,2.00,8.00,4.30
Enga Amma Rani,Action,6.1,S. Bani,Dhansika,47566.00,2017,1.00,9.00,5.37
Baahubali 2: The Conclusion,Action,8.2,S.S. Rajamouli,Prabhas,71418.00,2017,4.00,8.00,6.73
Nagarvalam,Drama,5.8,Marxx,Yogi Babu,35314.00,2017,7.00,9.00,7.27
Sathya,Action,2.7,Deepan,Roma Asrani,110.00,2017,8.00,8.00,6.23
Kadamban - Taqatwar,Action,5.4,N. Ragavan,Arya,363.00,2017,5.00,9.00,6.47
Sivalinga - Kanchana Returns,Horror,4.7,P. Vasu,Bhanupriya,361.00,2017,6.00,7.00,5.90
Power Paandi,Action,7.6,Dhanush,Dhanush,1179.00,2017,9.00,7.00,7.87
8 Thottakkal,Action,7.6,Sri Ganesh,Vetri,1394.00,2017,4.00,8.00,6.53
Kaatru Veliyidai,Romance,5.9,Mani Ratnam,Karthi,1669.00,2017,7.00,9.00,7.30
Dora,Action,5.3,Dass Ramasamy,Nayanthara,701.00,2017,4.00,8.00,5.77
Kavan,Action,7.1,K.V. Anand,Vijay Sethupathi,1853.00,2017,5.00,9.00,7.03
Kadugu,Drama,7.5,Vijay Milton,Radhika Prasidhha,482.00,2017,4.00,8.00,6.50
Paambhu Sattai,Action,6.2,Adam Dasan,Bobby Simha,125.00,2017,8.00,9.00,7.73
Dhayam,Thriller,4.6,Kannan Rangaswamy,Aira Agarval,32535.00,2017,5.00,8.00,5.87
Vaigai Express,Thriller,4.6,Shaji Kailas,Shaji Kailas,23.00,2017,6.00,7.00,5.87
Julieum 4 Perum,Family,3.4,Satheesh,Amudhavaanan,7.00,2017,9.00,7.00,6.47
Bruce Lee,Action,2.4,Prashanth Pandiraj,Anandraj,146.00,2017,8.00,8.00,6.13
Kattappava Kanom,Comedy,5.1,Mani Seiyon,Yogi Babu,28454.00,2017,7.00,8.00,6.70
Oru Mugathirai,Drama,5.7,R. Senthil Nadan,Chaams,65651.00,2017,4.00,8.00,5.90
Maanagaram,Action,8.1,Lokesh Kanagaraj,Sundeep Kishan,3350.00,2017,5.00,9.00,7.37
ACP Shiva,Action,3.3,Sai Ramani,Joy Badlani,352.00,2017,8.00,9.00,6.77
Mupparimanam,Romance,5.5,Adhiroopan,Aari,35706.00,2017,9.00,8.00,7.50
Yaakkai,Romance,5.6,Kuzhandai Velappan,M.S. Bhaskar,48519.00,2017,6.00,7.00,6.20
Peranbu,Drama,9,Ram,Amudhavan Karuppiah,11506.00,2018,8.00,7.00,8.00
Maari 2,Action,5.6,Balaji Mohan,Dhanush,1913.00,2018,7.00,8.00,6.87
Adanga Maru,Action,7.1,Karthik Thangavel,Jayam Ravi,1696.00,2018,4.00,9.00,6.70
Kanaa,Drama,7.8,Arunraja Kamaraj,Aishwarya Rajesh,1225.00,2018,5.00,8.00,6.93
Seethakaathi,Drama,7,Balaji Tharaneetharan,Vijay Sethupathi,714.00,2018,8.00,9.00,8.00
Thuppakki Munai,Action,6.3,Dinesh Selvaraj,Vikram Prabhu,370.00,2018,9.00,8.00,7.77
Thuppakki Munai,Action,6.3,Dinesh Selvaraj,Vikram Prabhu,370.00,2018,8.00,9.00,7.77
2,Action,6.3,S. Shankar,Rajinikanth,20076.00,2018,7.00,8.00,7.10
Kaatrin Mozhi,Comedy,7.3,Radha Mohan,Jyotika,559.00,2018,8.00,9.00,8.10
Sarkar,Action,6.8,A.R. Murugadoss,Joseph Vijay,11994.00,2018,9.00,8.00,7.93
Pandem Kodi 2,Action,5.2,N. Linguswamy,Vishal,632.00,2018,5.00,9.00,6.40
Vada Chennai,Action,8.5,Vetrimaaran,Dhanush,8841.00,2018,8.00,8.00,8.17
Aan Devathai,Action,6.4,Thamira,Ilavarasu,120.00,2018,7.00,9.00,7.47
Raatchasan,Action,8.7,Ram Kumar,Vishnu Vishal,17425.00,2018,8.00,8.00,8.23
Nota,Drama,6.4,Anand Shankar,Vijay Deverakonda,2306.00,2018,9.00,9.00,8.13
96,Drama,8.6,C. Prem Kumar,Vijay Sethupathi,15523.00,2018,8.00,8.00,8.20
Pariyerum Perumal,Drama,8.8,Mari Selvaraj,Prabunath,6984.00,2018,7.00,9.00,8.27
Chekka Chivantha Vaanam,Action,7.3,Mani Ratnam,Slavisa Ivanovic,5118.00,2018,8.00,8.00,7.77
Raja Ranguski,Mystery,6.6,Dharani Dharan,Shirish,262.00,2018,9.00,7.00,7.53
Saamy Square,Action,4.5,Hari,Vikram,1090.00,2018,9.00,8.00,7.17
U Turn,Mystery,7,Pawan Kumar,Samantha Ruth Prabhu,2292.00,2018,7.00,9.00,7.67
Seema Raja,Action,4.5,Ponram,Sivakarthikeyan,1405.00,2018,5.00,8.00,5.83
Imaikkaa Nodigal,Action,7.4,R. Ajay Gnanamuthu,Nayanthara,4206.00,2018,8.00,7.00,7.47
Lakshmi,Drama,6.9,A.L. Vijay,Ditya Bhande,476.00,2018,5.00,8.00,6.63
Odu Raja Odu,Comedy,7.1,Jathin Sanker Raj,Nishanth Ravindaran,86.00,2018,9.00,9.00,8.37
Kolamavu Kokila,Comedy,7.3,Nelson,Nayanthara,1976.00,2018,6.00,8.00,7.10
Pyaar Prema Kaadhal,Romance,6.6,Elan,Harish Kalyan,872.00,2018,5.00,7.00,6.20
Vishwaroopam 2,Action,5.9,Vishwaroopam,Kamal Haasan,2076.00,2018,4.00,8.00,5.97
Ghajinikanth,Comedy,5.3,Santhosh P. Jayakumar,Arya,437.00,2018,1.00,9.00,5.10
Junga,Action,5.2,Gokul,Vijay Sethupathi,774.00,2018,2.00,8.00,5.07
Mohini,Horror,3.3,R. Madhesh,Trisha Krishnan,41485.00,2018,3.00,7.00,4.43
Chinababu,Action,7,Pandiraj,Karthi,1896.00,2018,6.00,8.00,7.00
Tamizh Padam 2.0,Comedy,6.5,C.S. Amudhan,Jiiva,1286.00,2018,9.00,9.00,8.17
Goli Soda 2,Drama,7.3,Vijay Milton,Samuthirakani,642.00,2018,8.00,8.00,7.77
Iravukku Aayiram Kangal,Action,7.3,Mu. Maran,Abhinayashree,978.00,2018,7.00,9.00,7.77
Irumbu Thirai,Action,7.7,P.S. Mithran,Vishal,3373.00,2018,8.00,8.00,7.90
Mahanati,Biography,8.5,Savitri,Nag Ashwin,8703.00,2018,5.00,9.00,7.50
Iruttu Araiyil Murattu Kuthu,Horror,4.2,Santhosh P. Jayakumar,Yaashika Aanand,700.00,2018,6.00,9.00,6.40
Kaala,Action,6.7,Pa. Ranjith,Rajinikanth,7486.00,2018,5.00,8.00,6.57
Karu,Drama,5.7,A.L. Vijay,Sai Pallavi,416.00,2018,4.00,8.00,5.90
Mercury,Horror,6.1,Karthik Subbaraj,Prabhu Deva,827.00,2018,5.00,8.00,6.37
Tik Tik Tik,Action,6.1,Shakti Soundar Rajan,Jayam Ravi,2172.00,2018,8.00,7.00,7.03
6 Athiyayam,Horror,4.2,Ajayan Bala,Lokesh Rajendran,32.00,2018,8.00,8.00,6.73
Naachiyaar,Action,6.8,Bala,Ivana,6140.00,2018,5.00,7.00,6.27
Savarakathi,Comedy,7.1,G.R. Adithya,Ram,420.00,2018,5.00,8.00,6.70
Kalakalappu 2,Comedy,4.9,Sundar C.,Yogi Babu,572.00,2018,7.00,9.00,6.97
Merku Thodarchi Malai,Drama,8.6,Lenin Bharati,Leninbharati,35981.00,2018,8.00,8.00,8.20
Bhaagamathie,Action,7,Ashok G.,Anushka Shetty,2209.00,2018,9.00,9.00,8.33
Nimir,Comedy,6.3,Priya Darshan,Priyadarshan,55126.00,2018,8.00,7.00,7.10
Oru Nalla Naal Paathu Solren,Comedy,6.8,P. Arumugakumar,Annayya,1877.00,2018,7.00,8.00,7.27
Thaanaa Serndha Koottam,Action,6.8,Vignesh Shivan,Suriya,4655.00,2018,5.00,9.00,6.93
Sketch,Action,5.7,Vijay Chandar,Vikram,1589.00,2018,7.00,9.00,7.23
Enai Noki Paayum Thota,Action,5.7,Gautham Vasudev Menon,Dhanush,1198.00,2019,8.00,8.00,7.23
Adithya Varma,Drama,6.4,Gireesaaya,Dhruv Vikram,596.00,2019,8.00,7.00,7.13
Kaithi,Action,8.5,Lokesh Kanagaraj,Karthi,7603.00,2019,9.00,8.00,8.50
Bigil,Action,6.8,Atlee Kumar,Joseph Vijay,9299.00,2019,9.00,9.00,8.27
100% Kadhal,Comedy,4.6,M.M. Chandramouli,G.V. Prakash Kumar,76.00,2019,5.00,8.00,5.87
Asuran,Action,8.6,Vetrimaaran,Dhanush,7792.00,2019,10.00,7.00,8.53
Kaappaan,Action,6.4,K.V. Anand,Suriya,3399.00,2019,8.00,8.00,7.47
Magamuni,Crime,7.9,Santha Kumar,Arya,1275.00,2019,9.00,9.00,8.63
Saaho,Action,5.2,Sujeeth,Prabhas,14432.00,2019,1.00,8.00,4.73
Sixer,Comedy,5.7,Chachi,Vaibhav Reddy,219.00,2019,4.00,7.00,5.57
Bakrid,Drama,7.4,Jagadeesan Subu,Vikranth,222.00,2019,5.00,8.00,6.80
Kennedy Club,Drama,5.4,Suseenthiran,M. Sasikumar,101.00,2019,2.00,8.00,5.13
Comali,Comedy,6.9,Pradeep Ranganathan,Jayam Ravi,1793.00,2019,10.00,9.00,8.63
Nerkonda Paarvai,Action,8.2,H. Vinoth,Ajith Kumar,4876.00,2019,4.00,9.00,7.07
Jackpot,Action,5.2,Kalyaan,Jyotika,321.00,2019,7.00,8.00,6.73
A1,Comedy,5,K. Johnson,Santhanam,347.00,2019,8.00,8.00,7.00
Aame,Drama,6.3,Rathna Kumar,Amala Paul,998.00,2019,9.00,9.00,8.10
Kadaram Kondan,Action,5.7,Rajesh M. Selva,Vikram,1303.00,2019,8.00,8.00,7.23
Sivappu Manjal Pachai,Action,7.1,Sasi,Siddharth,998.00,2019,10.00,9.00,8.70
Gurkha,Action,4.7,Sam Anton,Yogi Babu,194.00,2019,5.00,8.00,5.90
Vennila Kabaddi Kuzhu 2,Action,5.1,Selva Sekaran,Appukutty,89.00,2019,9.00,9.00,7.70
Bodhai Yeri Budhi Maari,Drama,6.6,Chandru,Charlie,43.00,2019,6.00,9.00,7.20
Kalavani 2,Comedy,4,A. Sarkunam,Vimal,68.00,2019,5.00,10.00,6.33
Raatchasi,Drama,7.3,Sy Gowthamraj,Jyotika,729.00,2019,10.00,9.00,8.77
Jiivi,Drama,7.9,V.J. Gopinath,Vetri,997.00,2019,5.00,9.00,7.30
Dharma Prabhu,Drama,4.6,S. Muthukumaran,Yogi Babu,153.00,2019,8.00,8.00,6.87
House Owner,Drama,6.4,Lakshmi Ramakrishnan,Lovelyn Chandrasekhar,100.00,2019,5.00,7.00,6.13
Sindhubaadh,Action,5.1,S.U. Arun Kumar,Vijay Sethupathi,311.00,2019,9.00,8.00,7.37
Thumbaa,Adventure,5.8,Harish Ram L.H.,Kpy Bala,57.00,2019,8.00,9.00,7.60
Game Over,Drama,7.1,Ashwin Saravanan,Taapsee Pannu,5370.00,2019,9.00,9.00,8.37
Kolaigaran,Action,7.1,Andrew Louis,Vijay Antony,1080.00,2019,10.00,9.00,8.70
NGK,Action,6,K. Selvaraghavan,Suriya,3093.00,2019,9.00,9.00,8.00
Devi 2,Comedy,3.8,A.L. Vijay,Prabhu Deva,269.00,2019,5.00,7.00,5.27
Neeya 2,Horror,3,Suresh,Jai,78.00,2019,9.00,7.00,6.33
Ayogya,Action,6.1,Venkat Mohan,Vishal,824.00,2019,8.00,9.00,7.70
Kee,Action,5.1,Kalees,Jiiva,566.00,2019,7.00,8.00,6.70
K-13,Action,6.1,Barath Neelakantan,Arulnithi,359.00,2019,8.00,6.00,6.70
Mr. Local,Action,3.1,M. Rajesh,Sivakarthikeyan,750.00,2019,9.00,8.00,6.70
100,Action,6.5,Sam Anton,Atharvaa Murali,809.00,2019,5.00,9.00,6.83
Vellai Pookal,Crime,7.2,Vivek Elangovan,Vivek,1229.00,2019,4.00,9.00,6.73
Mehandi Circus,Drama,7.5,Raju Saravanan,Madhampatty Rangaraj,343.00,2019,7.00,8.00,7.50
Kanchana 3,Action,4.2,Lawrence Raghavendra,Lawrence Raghavendra,1031.00,2019,8.00,8.00,6.73
Watchman,Thriller,5.1,A.L. Vijay,G.V. Prakash Kumar,234.00,2019,9.00,8.00,7.37
Gangs Of Madras,Action,5.5,C.V. Kumar,Daniel Balaji,4541.00,2019,8.00,9.00,7.50
Uriyadi 2,Action,7.2,Vijay Kumar,Vijay Kumar,622.00,2019,7.00,9.00,7.73
Kuppathu Raja,Comedy,4.9,Baba Bhaskar,G.V. Prakash Kumar,105.00,2019,9.00,8.00,7.30
Natpe Thunai,Comedy,6.5,Parthiban Desingu,Hiphop Tamizha Adhi,671.00,2019,9.00,8.00,7.83
Super Deluxe,Action,8.4,Thiagarajan Kumararaja,Vijay Sethupathi,7412.00,2019,7.00,8.00,7.80
Airaa,Drama,4.6,Sarjun,Nayanthara,548.00,2019,10.00,8.00,7.53
Agni Devi,Crime,5.3,Jpr,Sathish Krishnan,66.00,2019,9.00,8.00,7.43
Nedunalvaadai,Drama,7.3,Selvakannan,Elvis Alexander,33890.00,2019,8.00,7.00,7.43
Ispade Rajavum Idhaya Raniyum,Drama,6.5,Ranjit Jeyakodi,Harish Kalyan,367.00,2019,7.00,7.00,6.83
Sathru,Thriller,6,Naveen Nanjundan,Master Ajithesh,219.00,2019,5.00,7.00,6.00
Boomerang,Action,5.6,R. Kannan,Atharvaa Murali,356.00,2019,7.00,6.00,6.20
Thadam,Action,8.2,Magizh Thirumeni,Arun Vijay,3728.00,2019,8.00,6.00,7.40
90 ML,Comedy,3.3,Anita Udeep,Oviya,449.00,2019,9.00,8.00,6.77
LKG,Comedy,6.9,Prabhu,RJ Balaji,983.00,2019,8.00,9.00,7.97
Vantha Rajavathaan Varuven,Action,3.7,Sundar C.,T.R. Silambarasan,500.00,2019,9.00,8.00,6.90
Dhilluku Dhuddu 2,Comedy,5.3,Rambala,Santhanam,497.00,2019,7.00,9.00,7.10
Dev,Action,4.8,Rajath Ravishankar,Karthi,724.00,2019,5.00,8.00,5.93
Charlie Chaplin 2,Comedy,3.8,Sakthi Chidambaram,Prabhu Deva,215.00,2019,4.00,7.00,4.93
Petta,Action,7.3,Karthik Subbaraj,Rajinikanth,7545.00,2019,8.00,8.00,7.77
Viswasam,Action,6.7,Siva,Ajith Kumar,5907.00,2019,8.00,9.00,7.90
